{"cameraMode":{"drawMode":0,"name":"Shaded","section":"Shading Mode"},"sceneLighting":true,"audioPlay":false,"sceneViewState":{"m_AlwaysRefresh":false,"showFog":true,"showSkybox":true,"showFlares":true,"showImageEffects":true,"showParticleSystems":true,"showVisualEffectGraphs":true,"m_FxEnabled":true},"in2DMode":false,"pivot":{"x":74.54351806640625,"y":4.194637298583984,"z":89.12439727783203},"rotation":{"x":-0.20066112279891969,"y":0.13469654321670533,"z":-0.027910374104976655,"w":-0.9699947237968445},"size":30.379032135009767,"orthographic":false}