{"cameraMode":{"drawMode":0,"name":"Shaded","section":"Shading Mode"},"sceneLighting":false,"audioPlay":false,"sceneViewState":{"m_AlwaysRefresh":false,"showFog":false,"showSkybox":false,"showFlares":false,"showImageEffects":false,"showParticleSystems":false,"showVisualEffectGraphs":true,"m_FxEnabled":true},"in2DMode":false,"pivot":{"x":-0.2673914432525635,"y":0.7355273365974426,"z":-1.1560850143432618},"rotation":{"x":0.0020355177111923696,"y":-0.9959555268287659,"z":0.08686716109514237,"w":0.023307932540774347},"size":1.456054449081421,"orthographic":false}